{"placements":[{"x":1744.000000,"y":1172.000000},{"x":1734.000000,"y":1172.000000}]}
