{"placements":[{"x":1256.000000,"y":3245.000000},{"x":1256.000000,"y":2485.000000},{"x":1256.000000,"y":3215.000000}]}
